{"cameraMode":{"drawMode":0,"name":"Shaded","section":"Shading Mode"},"sceneLighting":true,"audioPlay":false,"sceneViewState":{"m_AlwaysRefresh":false,"showFog":true,"showSkybox":true,"showFlares":true,"showImageEffects":true,"showParticleSystems":true,"showVisualEffectGraphs":true,"m_FxEnabled":true},"in2DMode":false,"pivot":{"x":7.475184440612793,"y":0.825251579284668,"z":-27.116941452026368},"rotation":{"x":0.13308371603488923,"y":-0.8488421440124512,"z":0.25451600551605227,"w":0.44385096430778506},"size":13.966495513916016,"orthographic":false}