{"cameraMode":{"drawMode":0,"name":"Shaded","section":"Shading Mode"},"sceneLighting":true,"audioPlay":false,"sceneViewState":{"m_AlwaysRefresh":false,"showFog":true,"showSkybox":true,"showFlares":true,"showImageEffects":true,"showParticleSystems":true,"showVisualEffectGraphs":true,"m_FxEnabled":true},"in2DMode":false,"pivot":{"x":7.928487777709961,"y":-0.9245924949645996,"z":0.19800376892089845},"rotation":{"x":0.10056731104850769,"y":-0.05148555710911751,"z":0.004313052631914616,"w":0.9937433004379273},"size":15.40428638458252,"orthographic":false}