{"cameraMode":{"drawMode":0,"name":"Shaded","section":"Shading Mode"},"sceneLighting":true,"audioPlay":false,"sceneViewState":{"m_AlwaysRefresh":false,"showFog":true,"showSkybox":true,"showFlares":true,"showImageEffects":true,"showParticleSystems":true,"showVisualEffectGraphs":true,"m_FxEnabled":true},"in2DMode":false,"pivot":{"x":-17.662944793701173,"y":3.0607869625091554,"z":-56.96669006347656},"rotation":{"x":0.04864262789487839,"y":-0.8260975480079651,"z":0.07237513363361359,"w":0.5568092465400696},"size":21.584224700927736,"orthographic":false}